timestamp_utc,midi_name,duration_seconds,render_time_seconds,file_size_mb,output_path,status
2026-10-01T11:40:08.164486+00:00,Spindler, Fritz, Wellenspiel, Op.6, krXtgqRCAvU,13.98,98.15,2.48,outputs/run_2026-10-01_113829/mp4/Spindler, Fritz, Wellenspiel, Op.6, krXtgqRCAvU.mp4,SUCCESS
2026-10-01T11:42:49.162178+00:00,Schubert, Franz, 8 Ecossaises, D.529, jFN1prco1Sg,23.88,161.00,6.98,outputs/run_2026-10-01_113829/mp4/Schubert, Franz, 8 Ecossaises, D.529, jFN1prco1Sg.mp4,SUCCESS
2026-10-01T11:46:12.441963+00:00,Oesten, Theodore, Goldperlen, Op.94, B0bZhzicgKI,31.03,203.28,5.36,outputs/run_2026-10-01_113829/mp4/Oesten, Theodore, Goldperlen, Op.94, B0bZhzicgKI.mp4,SUCCESS
2026-10-01T11:49:47.592724+00:00,Beethoven, Ludwig van, Bagatelle, WoO 61a, OoLwAQrVQUY,32.50,215.15,5.64,outputs/run_2026-10-01_113829/mp4/Beethoven, Ludwig van, Bagatelle, WoO 61a, OoLwAQrVQUY.mp4,SUCCESS
2026-10-01T11:53:37.602543+00:00,Purcell, Henry, Air in D Minor, ZT 675, MKQbysfs8HI,34.16,230.01,5.97,outputs/run_2026-10-01_113829/mp4/Purcell, Henry, Air in D Minor, ZT 675, MKQbysfs8HI.mp4,SUCCESS
2026-10-01T11:57:24.604400+00:00,Clark, Scotson, Tarantella, OUAHlMaaLFs,34.38,227.00,6.90,outputs/run_2026-10-01_113829/mp4/Clark, Scotson, Tarantella, OUAHlMaaLFs.mp4,SUCCESS
2026-10-01T12:01:36.930681+00:00,Kirchner, Theodor, 100 Kleine Studien, Op.71, xZAPsi_l0Zo,37.80,252.33,9.24,outputs/run_2026-10-01_113829/mp4/Kirchner, Theodor, 100 Kleine Studien, Op.71, xZAPsi_l0Zo.mp4,SUCCESS
2026-10-01T12:05:58.072410+00:00,Sauter, Louis, Variations on _We Wish You a Merry Christmas_, QArRL0Q1_qg,38.77,261.14,12.57,outputs/run_2026-10-01_113829/mp4/Sauter, Louis, Variations on _We Wish You a Merry Christmas_, QArRL0Q1_qg.mp4,SUCCESS
2026-10-01T12:10:15.382093+00:00,Bartók, Béla, First Term at the Piano, Sz.53, yOyZ9lVCFK0,39.21,257.31,7.64,outputs/run_2026-10-01_113829/mp4/Bartók, Béla, First Term at the Piano, Sz.53, yOyZ9lVCFK0.mp4,SUCCESS
2026-10-01T12:14:32.760783+00:00,Zipoli, Domenico, Fughetta in E minor, s_iUHy1oD4s,39.30,257.38,8.33,outputs/run_2026-10-01_113829/mp4/Zipoli, Domenico, Fughetta in E minor, s_iUHy1oD4s.mp4,SUCCESS
2026-10-01T12:18:55.344074+00:00,Kuliev, Ramin, Visions Fugitives, Op.6 No.3, BuKB1dB5Ql8,39.58,262.58,9.94,outputs/run_2026-10-01_113829/mp4/Kuliev, Ramin, Visions Fugitives, Op.6 No.3, BuKB1dB5Ql8.mp4,SUCCESS
2026-10-01T12:23:24.650511+00:00,Harder, August, Hört die Lerche, sie singt_, OBWs5GIwsR8,39.59,269.31,7.26,outputs/run_2026-10-01_113829/mp4/Harder, August, Hört die Lerche, sie singt_, OBWs5GIwsR8.mp4,SUCCESS
2026-10-01T12:27:48.015737+00:00,Lyadov, Anatoly, 3 Preludes, Op.36, eHqLwlLILXI,39.60,263.36,9.55,outputs/run_2026-10-01_113829/mp4/Lyadov, Anatoly, 3 Preludes, Op.36, eHqLwlLILXI.mp4,SUCCESS
2026-10-01T12:32:32.108390+00:00,Handel, George Frideric, Passepied in C major, HWV 559, IKB-S0f1cg0,43.91,284.09,8.72,outputs/run_2026-10-01_113829/mp4/Handel, George Frideric, Passepied in C major, HWV 559, IKB-S0f1cg0.mp4,SUCCESS
2026-10-01T12:37:49.648325+00:00,Mozart, Wolfgang Amadeus, Fugue in G major, K.Anh.41_375g, ix7hykPFJgI,48.92,317.54,11.94,outputs/run_2026-10-01_113829/mp4/Mozart, Wolfgang Amadeus, Fugue in G major, K.Anh.41_375g, ix7hykPFJgI.mp4,SUCCESS
2026-10-01T12:43:07.510825+00:00,Cramer, Johann Baptist, Piano Quintet No.1, Op.60, k-EpZs6EfW0,49.22,317.86,14.48,outputs/run_2026-10-01_113829/mp4/Cramer, Johann Baptist, Piano Quintet No.1, Op.60, k-EpZs6EfW0.mp4,SUCCESS
2026-10-01T12:48:42.538410+00:00,Gillet, Ernest, Entr_acte-gavotte, Op.13, RsZR0lKnYV0,49.99,335.03,15.17,outputs/run_2026-10-01_113829/mp4/Gillet, Ernest, Entr_acte-gavotte, Op.13, RsZR0lKnYV0.mp4,SUCCESS
2026-10-01T12:54:14.931538+00:00,Psimikakis-Chalkokondylis, Nikolaos-Laonikos, IV, _sENFxLnbYE,49.99,332.39,13.65,outputs/run_2026-10-01_113829/mp4/Psimikakis-Chalkokondylis, Nikolaos-Laonikos, IV, _sENFxLnbYE.mp4,SUCCESS
2026-10-01T12:59:41.650885+00:00,Tinel, Jef, Dansende muggen, i3qF6A-Jpfw,50.14,326.72,11.60,outputs/run_2026-10-01_113829/mp4/Tinel, Jef, Dansende muggen, i3qF6A-Jpfw.mp4,SUCCESS
2026-10-01T13:05:06.768248+00:00,Handel, George Frideric, Minuet in D minor, HWV 462, Nz5QPIEwX04,50.54,325.12,9.66,outputs/run_2026-10-01_113829/mp4/Handel, George Frideric, Minuet in D minor, HWV 462, Nz5QPIEwX04.mp4,SUCCESS
2026-10-01T13:10:50.334118+00:00,Köhler, Louis, Practical Method for the Pianoforte, Op.249, hkuXgg0T698,52.50,343.56,12.19,outputs/run_2026-10-01_113829/mp4/Köhler, Louis, Practical Method for the Pianoforte, Op.249, hkuXgg0T698.mp4,SUCCESS
2026-10-01T13:16:58.232033+00:00,Ornstein, Leo, Memories from Childhood, SO 66, dkQDkInEp9E,57.10,367.90,10.82,outputs/run_2026-10-01_113829/mp4/Ornstein, Leo, Memories from Childhood, SO 66, dkQDkInEp9E.mp4,SUCCESS
2026-10-01T13:23:08.815094+00:00,Campion, François, Prelude, DYx4CAZvuWQ,57.72,370.58,10.07,outputs/run_2026-10-01_113829/mp4/Campion, François, Prelude, DYx4CAZvuWQ.mp4,SUCCESS
2026-10-01T13:29:29.566093+00:00,Scarlatti, Domenico, Keyboard Sonata in G major, K.79, CVnj7f2Ap0Y,57.84,380.75,15.79,outputs/run_2026-10-01_113829/mp4/Scarlatti, Domenico, Keyboard Sonata in G major, K.79, CVnj7f2Ap0Y.mp4,SUCCESS
2026-10-01T13:36:16.531237+00:00,Elgar, Edward, Drakes Broughton, FtoN_0SjUq8,59.33,406.96,12.12,outputs/run_2026-10-01_113829/mp4/Elgar, Edward, Drakes Broughton, FtoN_0SjUq8.mp4,SUCCESS
2026-10-01T13:43:19.514401+00:00,Chaminade, Cécile, Gavotte No.2, Op.121, dQYOBA9BETA,60.11,422.98,16.01,outputs/run_2026-10-01_113829/mp4/Chaminade, Cécile, Gavotte No.2, Op.121, dQYOBA9BETA.mp4,SUCCESS
2026-10-01T13:50:28.313588+00:00,Stankovych, Tatiana, La Sorgente, WW4umF_tRIA,62.50,428.80,12.60,outputs/run_2026-10-01_113829/mp4/Stankovych, Tatiana, La Sorgente, WW4umF_tRIA.mp4,SUCCESS
2026-10-01T13:57:16.935956+00:00,Stankovych, Tatiana, Prelude No.2, Ej-zz8Mn5lU,62.50,408.62,14.49,outputs/run_2026-10-01_113829/mp4/Stankovych, Tatiana, Prelude No.2, Ej-zz8Mn5lU.mp4,SUCCESS
2026-10-01T14:04:25.083166+00:00,Polovinkin, Leonid, Les attraits, -2BwgC_-p_E,62.93,428.15,16.03,outputs/run_2026-10-01_113829/mp4/Polovinkin, Leonid, Les attraits, -2BwgC_-p_E.mp4,SUCCESS
2026-10-01T14:11:32.332871+00:00,Bach, Johann Sebastian, Invention in G major, BWV 781, jVHqIK13-nk,64.86,427.25,16.10,outputs/run_2026-10-01_113829/mp4/Bach, Johann Sebastian, Invention in G major, BWV 781, jVHqIK13-nk.mp4,SUCCESS
2026-10-05T13:18:11.820160+00:00,Lamb, Aidan, Caprice, Op.3, LOviR2xJt1Y,65.27,409.89,13.71,outputs/run_2026-10-05_131121/mp4/Lamb, Aidan, Caprice, Op.3, LOviR2xJt1Y.mp4,SUCCESS
2026-10-05T13:25:02.400901+00:00,Rameau, Jean-Philippe, Les Fêtes de Ramire, RCT 40, qWL0K1ek3ls,65.68,410.58,14.73,outputs/run_2026-10-05_131121/mp4/Rameau, Jean-Philippe, Les Fêtes de Ramire, RCT 40, qWL0K1ek3ls.mp4,SUCCESS
2026-10-05T13:32:02.215158+00:00,Demarin, Luka, Loccata No.1, Op.4, y7EtI0QZeeA,66.68,419.81,18.97,outputs/run_2026-10-05_131121/mp4/Demarin, Luka, Loccata No.1, Op.4, y7EtI0QZeeA.mp4,SUCCESS
2026-10-05T13:38:57.668293+00:00,Wilm, Nicolai von, Stammbuchblätter, Op.217, w7nC1R_EfDI,66.81,415.45,13.94,outputs/run_2026-10-05_131121/mp4/Wilm, Nicolai von, Stammbuchblätter, Op.217, w7nC1R_EfDI.mp4,SUCCESS
2026-10-05T13:46:00.945303+00:00,Dandrieu, Jean-François, Gavotte in D major, 2jB63GEVrZw,66.98,423.28,17.16,outputs/run_2026-10-05_131121/mp4/Dandrieu, Jean-François, Gavotte in D major, 2jB63GEVrZw.mp4,SUCCESS
2026-10-05T13:53:15.271106+00:00,Godowsky, Leopold, Intermezzo, 6GfORbmSRAM,67.40,434.32,19.66,outputs/run_2026-10-05_131121/mp4/Godowsky, Leopold, Intermezzo, 6GfORbmSRAM.mp4,SUCCESS
2026-10-05T14:00:28.147848+00:00,Heller, Stephen, Preludes pour Mademoiselle Lili, Op.119, odKqt7m52Gk,67.51,432.88,15.68,outputs/run_2026-10-05_131121/mp4/Heller, Stephen, Preludes pour Mademoiselle Lili, Op.119, odKqt7m52Gk.mp4,SUCCESS
2026-10-05T14:07:50.569972+00:00,Henselt, Adolf von, Pensée fugitive, Op.8, nCyefYOKZg4,68.17,442.42,22.68,outputs/run_2026-10-05_131121/mp4/Henselt, Adolf von, Pensée fugitive, Op.8, nCyefYOKZg4.mp4,SUCCESS
2026-10-05T14:15:01.179088+00:00,Dunhill, Thomas, Dew Fairies, yf1IJOvcaTY,68.63,430.61,14.15,outputs/run_2026-10-05_131121/mp4/Dunhill, Thomas, Dew Fairies, yf1IJOvcaTY.mp4,SUCCESS
2026-10-05T14:22:15.316221+00:00,Nacci, Andrea Antonello, San Giuseppe da Copertino, hU3G9jbmQUQ,68.68,434.14,11.90,outputs/run_2026-10-05_131121/mp4/Nacci, Andrea Antonello, San Giuseppe da Copertino, hU3G9jbmQUQ.mp4,SUCCESS
2026-10-05T14:29:26.264792+00:00,Glinka, Mikhail, Las Mollares, WXp9tclKTQk,69.17,430.95,18.29,outputs/run_2026-10-05_131121/mp4/Glinka, Mikhail, Las Mollares, WXp9tclKTQk.mp4,SUCCESS
2026-10-05T14:36:40.942778+00:00,Fuchs, Robert, Jugendalbum, Op.47, GbmCSJmoj80,69.88,434.68,15.07,outputs/run_2026-10-05_131121/mp4/Fuchs, Robert, Jugendalbum, Op.47, GbmCSJmoj80.mp4,SUCCESS
2026-10-05T14:43:57.401238+00:00,Mozart, Wolfgang Amadeus, Minuet in D major, K.94_73h, Chmb7ddJ8o4,70.39,436.46,13.68,outputs/run_2026-10-05_131121/mp4/Mozart, Wolfgang Amadeus, Minuet in D major, K.94_73h, Chmb7ddJ8o4.mp4,SUCCESS
2026-10-05T14:51:15.681993+00:00,Williams, Frederick Arthur, A Trip to Fairyland, Op.95, gDE2rKnYev4,70.93,438.28,20.26,outputs/run_2026-10-05_131121/mp4/Williams, Frederick Arthur, A Trip to Fairyland, Op.95, gDE2rKnYev4.mp4,SUCCESS
2026-10-05T14:58:33.251871+00:00,Bach, Johann Sebastian, Sinfonia in F major, BWV 794, iE5aRQ87fSA,71.04,437.57,17.34,outputs/run_2026-10-05_131121/mp4/Bach, Johann Sebastian, Sinfonia in F major, BWV 794, iE5aRQ87fSA.mp4,SUCCESS
2026-10-05T15:05:58.590532+00:00,Handel, George Frideric, Minuet in F major, HWV 513, b97QFpkELuQ,71.77,445.34,14.94,outputs/run_2026-10-05_131121/mp4/Handel, George Frideric, Minuet in F major, HWV 513, b97QFpkELuQ.mp4,SUCCESS
2026-10-05T15:13:35.588416+00:00,Handel, George Frideric, Minuet in F major, HWV 514, b97QFpkELuQ,71.77,457.00,14.94,outputs/run_2026-10-05_131121/mp4/Handel, George Frideric, Minuet in F major, HWV 514, b97QFpkELuQ.mp4,SUCCESS
2026-10-05T15:21:08.582186+00:00,Handel, George Frideric, Minuet in F major, HWV 517, b97QFpkELuQ,71.77,452.99,14.94,outputs/run_2026-10-05_131121/mp4/Handel, George Frideric, Minuet in F major, HWV 517, b97QFpkELuQ.mp4,SUCCESS
2026-10-05T15:28:39.108228+00:00,Macchi, Claudio, Romanza senza parole 3, eWb_FjvR_6M,72.08,450.53,15.15,outputs/run_2026-10-05_131121/mp4/Macchi, Claudio, Romanza senza parole 3, eWb_FjvR_6M.mp4,SUCCESS
2026-10-05T15:36:17.703984+00:00,Palmgren, Selim, Concert Etude, Ekbvf5Hn8vs,72.21,458.59,21.19,outputs/run_2026-10-05_131121/mp4/Palmgren, Selim, Concert Etude, Ekbvf5Hn8vs.mp4,SUCCESS
2026-10-05T15:44:00.015859+00:00,Clarke, Jeremiah, A March, CUTnwhr4s9g,72.25,462.31,14.67,outputs/run_2026-10-05_131121/mp4/Clarke, Jeremiah, A March, CUTnwhr4s9g.mp4,SUCCESS
2026-10-05T15:51:28.658980+00:00,Scarlatti, Domenico, Keyboard Sonata in A major, K.342, rDqI-TyDeE8,72.67,448.64,18.88,outputs/run_2026-10-05_131121/mp4/Scarlatti, Domenico, Keyboard Sonata in A major, K.342, rDqI-TyDeE8.mp4,SUCCESS
2026-10-05T15:59:15.190156+00:00,Chopin, Frédéric, Mazurka in D major, B.71, Kmv893EHqPI,73.39,466.53,21.13,outputs/run_2026-10-05_131121/mp4/Chopin, Frédéric, Mazurka in D major, B.71, Kmv893EHqPI.mp4,SUCCESS
2026-10-05T16:06:54.184522+00:00,Heller, Stephen, 25 Etudes mélodiques, Op.45, d8WT08Dkor0,73.39,458.99,17.58,outputs/run_2026-10-05_131121/mp4/Heller, Stephen, 25 Etudes mélodiques, Op.45, d8WT08Dkor0.mp4,SUCCESS
2026-10-05T16:14:35.327372+00:00,Macchi, Claudio, Sonatina 1, 4IAQTZ3GtcI,73.57,461.14,18.09,outputs/run_2026-10-05_131121/mp4/Macchi, Claudio, Sonatina 1, 4IAQTZ3GtcI.mp4,SUCCESS
2026-10-05T16:22:11.296744+00:00,Beethoven, Ludwig van, Bagatelle in B-flat major, WoO 60, v74xJQCOjEE,73.72,455.97,13.65,outputs/run_2026-10-05_131121/mp4/Beethoven, Ludwig van, Bagatelle in B-flat major, WoO 60, v74xJQCOjEE.mp4,SUCCESS
2026-10-05T16:29:52.553087+00:00,Mourey, Colette, Le Coq, PveqrWnjQWE,73.88,461.26,14.37,outputs/run_2026-10-05_131121/mp4/Mourey, Colette, Le Coq, PveqrWnjQWE.mp4,SUCCESS
2026-10-05T16:37:35.852622+00:00,Bruckner, Anton, Aequale, WAB 149, H8z7LQgEbrk,75.32,463.30,16.25,outputs/run_2026-10-05_131121/mp4/Bruckner, Anton, Aequale, WAB 149, H8z7LQgEbrk.mp4,SUCCESS
2026-10-05T16:45:20.291660+00:00,Chopin, Frédéric, Allegretto and Mazurka, bFkqrrBUFA4,75.41,464.44,17.74,outputs/run_2026-10-05_131121/mp4/Chopin, Frédéric, Allegretto and Mazurka, bFkqrrBUFA4.mp4,SUCCESS
2026-10-05T16:52:55.593184+00:00,Handel, George Frideric, Gigue in C major, HWV 599, VkSHpiLIu9A,75.44,455.30,15.44,outputs/run_2026-10-05_131121/mp4/Handel, George Frideric, Gigue in C major, HWV 599, VkSHpiLIu9A.mp4,SUCCESS
2026-10-05T17:00:52.608677+00:00,Rowley, Alec, Piano Sonata No.1, txGYuw5-Me0,76.34,477.01,19.42,outputs/run_2026-10-05_131121/mp4/Rowley, Alec, Piano Sonata No.1, txGYuw5-Me0.mp4,SUCCESS
2026-10-05T17:08:51.492718+00:00,Marieh, Marieh, A Beetle on the Moon, T5vm20Ld1MI,76.93,478.88,14.25,outputs/run_2026-10-05_131121/mp4/Marieh, Marieh, A Beetle on the Moon, T5vm20Ld1MI.mp4,SUCCESS
2026-10-05T17:16:59.116992+00:00,Poulenc, Francis, Le gendarme incompris (suite), FP 20b, bm9VMW_GCF0,77.45,487.62,26.25,outputs/run_2026-10-05_131121/mp4/Poulenc, Francis, Le gendarme incompris (suite), FP 20b, bm9VMW_GCF0.mp4,SUCCESS
2026-10-05T17:25:00.182727+00:00,Handel, George Frideric, Air in D major, AteXZAasHAI,77.61,481.06,13.36,outputs/run_2026-10-05_131121/mp4/Handel, George Frideric, Air in D major, AteXZAasHAI.mp4,SUCCESS
2026-10-05T17:33:08.389425+00:00,Scriabin, Aleksandr, 3 Pieces, Op.45, 6AF1dBOVj5o,78.66,488.21,14.61,outputs/run_2026-10-05_131121/mp4/Scriabin, Aleksandr, 3 Pieces, Op.45, 6AF1dBOVj5o.mp4,SUCCESS
2026-10-05T17:41:27.234686+00:00,Graun, Karl Heinrich, Die Auferstehung, eGu8q8rzvrU,78.83,498.84,21.60,outputs/run_2026-10-05_131121/mp4/Graun, Karl Heinrich, Die Auferstehung, eGu8q8rzvrU.mp4,SUCCESS
2026-10-05T17:49:56.046255+00:00,Newton, P. W., Edna Gavotte, yOccTzKXFM8,79.35,508.81,14.54,outputs/run_2026-10-05_131121/mp4/Newton, P. W., Edna Gavotte, yOccTzKXFM8.mp4,SUCCESS
2026-10-05T17:58:18.303498+00:00,Zwyssig, Alberich, Schweizerpsalm, sgV6eTWSbdU,79.40,502.26,15.16,outputs/run_2026-10-05_131121/mp4/Zwyssig, Alberich, Schweizerpsalm, sgV6eTWSbdU.mp4,SUCCESS
2026-10-05T18:10:51.595574+00:00,Macchi, Claudio, Zapateado, -f0Qi0wm4Xc,79.99,500.87,20.52,outputs/run_2026-10-05_180230/mp4/Macchi, Claudio, Zapateado, -f0Qi0wm4Xc.mp4,SUCCESS
2026-10-05T18:19:10.222184+00:00,Milano, Francesco da, Ricercar XVI, gVc-ka3rkUs,80.82,498.63,16.75,outputs/run_2026-10-05_180230/mp4/Milano, Francesco da, Ricercar XVI, gVc-ka3rkUs.mp4,SUCCESS
2026-10-05T18:27:34.417317+00:00,Sor, Fernando, 6 Petites Pièces, Op.32, euDCU2_SEqQ,81.99,504.19,14.47,outputs/run_2026-10-05_180230/mp4/Sor, Fernando, 6 Petites Pièces, Op.32, euDCU2_SEqQ.mp4,SUCCESS
2026-10-05T18:36:09.784450+00:00,Scriabin, Aleksandr, Canon in D minor, Fi9lXB4GSOA,82.49,515.37,16.55,outputs/run_2026-10-05_180230/mp4/Scriabin, Aleksandr, Canon in D minor, Fi9lXB4GSOA.mp4,SUCCESS
2026-10-05T18:44:41.860985+00:00,Campion, François, Gavotte en Rondeau, wjFGAm3aVcE,82.50,512.08,18.44,outputs/run_2026-10-05_180230/mp4/Campion, François, Gavotte en Rondeau, wjFGAm3aVcE.mp4,SUCCESS
2026-10-05T18:53:17.359686+00:00,Bach, Johann Sebastian, Sinfonia in D major, BWV 789, 6h-vn-Koutc,82.77,515.50,19.83,outputs/run_2026-10-05_180230/mp4/Bach, Johann Sebastian, Sinfonia in D major, BWV 789, 6h-vn-Koutc.mp4,SUCCESS
2026-10-05T19:01:56.702827+00:00,Visée, Robert de, Bouréé in G major, lkvN-Wea8WY,83.27,519.34,17.39,outputs/run_2026-10-05_180230/mp4/Visée, Robert de, Bouréé in G major, lkvN-Wea8WY.mp4,SUCCESS
2026-10-05T19:10:38.297604+00:00,Poulenc, Francis, Feuillets d_album, FP 68, L5tnc8sIpf0,83.65,521.59,17.56,outputs/run_2026-10-05_180230/mp4/Poulenc, Francis, Feuillets d_album, FP 68, L5tnc8sIpf0.mp4,SUCCESS
2026-10-05T19:19:28.338667+00:00,Sekles, Bernhard, Skizzen, Op.10, WcG3gD-i4yQ,84.77,530.04,21.93,outputs/run_2026-10-05_180230/mp4/Sekles, Bernhard, Skizzen, Op.10, WcG3gD-i4yQ.mp4,SUCCESS
2026-10-05T19:28:18.840313+00:00,Scriabin, Aleksandr, Quasi valse, Op.47, KdLhIoo4cFE,85.11,530.50,19.98,outputs/run_2026-10-05_180230/mp4/Scriabin, Aleksandr, Quasi valse, Op.47, KdLhIoo4cFE.mp4,SUCCESS
2026-10-05T19:37:14.734752+00:00,Teilman, Christian, Kværnkallen, r1FwqIM0zqE,86.69,535.89,24.89,outputs/run_2026-10-05_180230/mp4/Teilman, Christian, Kværnkallen, r1FwqIM0zqE.mp4,SUCCESS
2026-10-05T19:46:16.250833+00:00,Fux, Johann Joseph, Domine fac mecum misericordiam, K.155, 4cpfH60vChY,87.34,541.52,21.20,outputs/run_2026-10-05_180230/mp4/Fux, Johann Joseph, Domine fac mecum misericordiam, K.155, 4cpfH60vChY.mp4,SUCCESS
